<CompuCell3D Revision="20210612" Version="4.2.5">
   
   <Potts>
      <Dimensions x="250" y="200" z="11"/>
      <!-- <Anneal>0</Anneal> -->
      <Steps>72000</Steps>
      <Temperature>15.0</Temperature>
      <NeighborOrder>1</NeighborOrder>
   </Potts>
   
   
   <Plugin Name="CellType">
      
      <!-- Listing all cell types in the simulation -->
      <CellType TypeId="0" TypeName="Medium"/>
      <CellType TypeId="1" TypeName="BCell"/>
      <CellType TypeId="2" TypeName="FDC" Freeze=""/>
      <CellType TypeId="3" TypeName="CRC" Freeze=""/>
      <CellType TypeId="4" TypeName="TCell" Freeze=""/>
      <!-- <CellType TypeId="2" TypeName="FDC"/> -->
      <!-- <CellType TypeId="3" TypeName="CRC"/> -->
      <!-- <CellType TypeId="4" TypeName="TCell"/> -->
      <CellType TypeId="5" TypeName="Wall" Freeze=""/>
   </Plugin>
   
   
   <Plugin Name="Volume">
      <!--<VolumeEnergyParameters CellType="BCell" LambdaVolume="15.0" TargetVolume="25"/>-->
      
      <!-- <VolumeEnergyParameters CellType="FDC" LambdaVolume="100.0" TargetVolume="16"/> -->
      <!-- <VolumeEnergyParameters CellType="CRC" LambdaVolume="100.0" TargetVolume="16"/> -->
      <!-- <VolumeEnergyParameters CellType="TCell" LambdaVolume="100.0" TargetVolume="4"/> -->
   </Plugin>
   
   <Plugin Name="Surface">
      <!-- <SurfaceEnergyParameters CellType="BCell" LambdaSurface="1" TargetSurface="80"/> -->
      <!-- <SurfaceEnergyParameters CellType="BCell" LambdaSurface="5" TargetSurface="40"/> -->
      <!-- <SurfaceEnergyParameters CellType="FDC" LambdaSurface="1" TargetSurface="1"/> -->
      <!-- <SurfaceEnergyParameters CellType="CRC" LambdaSurface="1" TargetSurface="1"/> -->
      <!-- <SurfaceEnergyParameters CellType="TCell" LambdaSurface="1" TargetSurface="1"/> -->
   </Plugin>
   
   <Plugin Name="Contact">
      <Energy Type1="Medium" Type2="Medium">0.0</Energy>
      <!-- <Energy Type1="Medium" Type2="BCell">8.0</Energy> -->
      <Energy Type1="Medium" Type2="BCell">2.0</Energy>
      <!-- <Energy Type1="BCell" Type2="BCell">40.0</Energy> -->
      <Energy Type1="BCell" Type2="BCell">5.0</Energy>
      <!--<NeighborOrder>4</NeighborOrder>-->
      <Energy Type1="FDC" Type2="FDC">0</Energy>
      <Energy Type1="FDC" Type2="Medium">0</Energy>
      <!-- <Energy Type1="FDC" Type2="BCell">50.0</Energy> -->
      <Energy Type1="FDC" Type2="BCell">3.0</Energy>
      <Energy Type1="CRC" Type2="FDC">0</Energy>
      <Energy Type1="CRC" Type2="Medium">0</Energy>
      <Energy Type1="CRC" Type2="BCell">3.0</Energy>
      <Energy Type1="CRC" Type2="CRC">0</Energy>
      <Energy Type1="TCell" Type2="FDC">0</Energy>
      <Energy Type1="TCell" Type2="Medium">0</Energy>
      <!-- <Energy Type1="TCell" Type2="BCell">8.0</Energy> -->
      <Energy Type1="TCell" Type2="BCell">3.0</Energy>
      <Energy Type1="TCell" Type2="CRC">0</Energy>
      <Energy Type1="TCell" Type2="TCell">0</Energy>
      <Energy Type1="Wall" Type2="FDC">0</Energy>
      <Energy Type1="Wall" Type2="Medium">0</Energy>
      <Energy Type1="Wall" Type2="BCell">30.0</Energy>
      <Energy Type1="Wall" Type2="CRC">0</Energy>
      <Energy Type1="Wall" Type2="TCell">0</Energy>
      <Energy Type1="Wall" Type2="Wall">0</Energy>
      <Depth>2</Depth>
   </Plugin>
   
   <Plugin Name="PixelTracker">
        <!-- Module tracking pixels of each cell -->
   </Plugin>

   
   <Plugin Name="Chemotaxis">
      <ChemicalField Name="CXCL12"/>
      <ChemicalField Name="CXCL13"/>
   </Plugin>
   
   <Plugin Name="Secretion">
   </Plugin>

   
   <Steppable Type="DiffusionSolverFE">
   <!-- <Steppable Type="SteadyStateDiffusionSolver"> -->
      <DiffusionField Name="CXCL13">
         <DiffusionData>
            <FieldName>CXCL13</FieldName>
            <DiffusionConstant>2</DiffusionConstant> 
            <!-- large constant slows simulation -->
            <DecayConstant>0.001</DecayConstant>
            <!-- <InitialConcentrationExpression>exp((x-100)/100)</InitialConcentrationExpression> -->
         </DiffusionData>
         <SecretionData>
            <Secretion Type="FDC">3.6</Secretion>
         </SecretionData>
      </DiffusionField>

      <DiffusionField Name="CXCL12">
         <DiffusionData>
            <FieldName>CXCL12</FieldName>
            <DiffusionConstant>2</DiffusionConstant>
            <DecayConstant>0.001</DecayConstant>
            <!-- <InitialConcentrationExpression>-(x-10)^2/81</InitialConcentrationExpression> -->
            <!-- -(x-10)^2/81 -->
         </DiffusionData>
         <SecretionData>
            <Secretion Type="CRC">3.6</Secretion>
         </SecretionData>
      </DiffusionField>
   </Steppable>
   
   <Plugin Name="NeighborTracker">
        <!-- Module tracking neighboring cells of each cell -->
   </Plugin>

   
   <Steppable Type="PIFInitializer">
        <PIFName>Simulation/GCR48.txt</PIFName>
   </Steppable>
   
</CompuCell3D>

