{
    "Version": "4.4.0",
    "ScreenshotData": {
        "CXCR4_ScalarFieldCellLevel_3D_0": {
            "Plot": {
                "PlotType": "ScalarFieldCellLevel",
                "PlotName": "CXCR4"
            },
            "Dimension": "3D",
            "Projection": {
                "ProjectionPlane": null,
                "ProjectionPosition": null
            },
            "CameraClippingRange": {
                "Min": "573.8850789514917",
                "Max": "663.7033466373689"
            },
            "CameraFocalPoint": {
                "x": "125.0",
                "y": "100.0",
                "z": "0.0"
            },
            "CameraPosition": {
                "x": "125.0",
                "y": "100.0",
                "z": "618.4943069873885"
            },
            "CameraViewUp": {
                "x": "0.0",
                "y": "1.0",
                "z": "0.0"
            },
            "Size": {
                "Width": 600,
                "Height": 600
            },
            "CellBorders": true,
            "Cells": true,
            "ClusterBorders": true,
            "CellGlyphs": false,
            "FPPLinks": false,
            "BoundingBox": true,
            "LatticeAxes": true,
            "LatticeAxesLabels": true,
            "TypesInvisible": [
                0
            ],
            "metadata": {
                "BorderColor": [
                    255,
                    255,
                    0,
                    255
                ],
                "ClusterBorderColor": [
                    0,
                    0,
                    255,
                    255
                ],
                "BoundingBoxColor": [
                    255,
                    255,
                    255,
                    255
                ],
                "AxesColor": [
                    255,
                    255,
                    255,
                    255
                ],
                "ContourColor": [
                    255,
                    255,
                    255,
                    255
                ],
                "WindowColor": [
                    0,
                    0,
                    0,
                    255
                ],
                "FPPLinksColor": [
                    255,
                    255,
                    255,
                    255
                ],
                "ShowHorizontalAxesLabels": true,
                "ShowVerticalAxesLabels": true,
                "TypeColorMap": {
                    "0": [
                        0,
                        0,
                        0,
                        255
                    ],
                    "1": [
                        0,
                        0,
                        255,
                        255
                    ],
                    "2": [
                        0,
                        128,
                        0,
                        255
                    ],
                    "3": [
                        255,
                        0,
                        0,
                        255
                    ],
                    "4": [
                        255,
                        255,
                        0,
                        255
                    ],
                    "5": [
                        165,
                        42,
                        42,
                        255
                    ],
                    "6": [
                        173,
                        216,
                        230,
                        255
                    ],
                    "7": [
                        144,
                        238,
                        144,
                        255
                    ],
                    "8": [
                        128,
                        0,
                        128,
                        255
                    ],
                    "9": [
                        255,
                        165,
                        0,
                        255
                    ],
                    "10": [
                        64,
                        224,
                        208,
                        255
                    ]
                },
                "MinRangeFixed": true,
                "MaxRangeFixed": false,
                "MinRange": 0.0,
                "MaxRange": 100.0,
                "ContoursOn": false,
                "NumberOfContourLines": 3,
                "ScalarIsoValues": [],
                "LegendEnable": true,
                "DisplayMinMaxInfo": true,
                "actual_screenshot": true
            }
        },
        "generation_ScalarFieldCellLevel_3D_0": {
            "Plot": {
                "PlotType": "ScalarFieldCellLevel",
                "PlotName": "generation"
            },
            "Dimension": "3D",
            "Projection": {
                "ProjectionPlane": null,
                "ProjectionPosition": null
            },
            "CameraClippingRange": {
                "Min": "573.8850789514917",
                "Max": "663.7033466373689"
            },
            "CameraFocalPoint": {
                "x": "125.0",
                "y": "100.0",
                "z": "0.0"
            },
            "CameraPosition": {
                "x": "125.0",
                "y": "100.0",
                "z": "618.4943069873885"
            },
            "CameraViewUp": {
                "x": "0.0",
                "y": "1.0",
                "z": "0.0"
            },
            "Size": {
                "Width": 600,
                "Height": 600
            },
            "CellBorders": true,
            "Cells": true,
            "ClusterBorders": true,
            "CellGlyphs": false,
            "FPPLinks": false,
            "BoundingBox": true,
            "LatticeAxes": true,
            "LatticeAxesLabels": true,
            "TypesInvisible": [
                0
            ],
            "metadata": {
                "BorderColor": [
                    255,
                    255,
                    0,
                    255
                ],
                "ClusterBorderColor": [
                    0,
                    0,
                    255,
                    255
                ],
                "BoundingBoxColor": [
                    255,
                    255,
                    255,
                    255
                ],
                "AxesColor": [
                    255,
                    255,
                    255,
                    255
                ],
                "ContourColor": [
                    255,
                    255,
                    255,
                    255
                ],
                "WindowColor": [
                    0,
                    0,
                    0,
                    255
                ],
                "FPPLinksColor": [
                    255,
                    255,
                    255,
                    255
                ],
                "ShowHorizontalAxesLabels": true,
                "ShowVerticalAxesLabels": true,
                "TypeColorMap": {
                    "0": [
                        0,
                        0,
                        0,
                        255
                    ],
                    "1": [
                        0,
                        0,
                        255,
                        255
                    ],
                    "2": [
                        0,
                        128,
                        0,
                        255
                    ],
                    "3": [
                        255,
                        0,
                        0,
                        255
                    ],
                    "4": [
                        255,
                        255,
                        0,
                        255
                    ],
                    "5": [
                        165,
                        42,
                        42,
                        255
                    ],
                    "6": [
                        173,
                        216,
                        230,
                        255
                    ],
                    "7": [
                        144,
                        238,
                        144,
                        255
                    ],
                    "8": [
                        128,
                        0,
                        128,
                        255
                    ],
                    "9": [
                        255,
                        165,
                        0,
                        255
                    ],
                    "10": [
                        64,
                        224,
                        208,
                        255
                    ]
                },
                "MinRangeFixed": true,
                "MaxRangeFixed": false,
                "MinRange": 0.0,
                "MaxRange": 100.0,
                "ContoursOn": false,
                "NumberOfContourLines": 3,
                "ScalarIsoValues": [],
                "LegendEnable": true,
                "DisplayMinMaxInfo": true,
                "actual_screenshot": true
            }
        },
        "affinityScore_ScalarFieldCellLevel_3D_0": {
            "Plot": {
                "PlotType": "ScalarFieldCellLevel",
                "PlotName": "affinityScore"
            },
            "Dimension": "3D",
            "Projection": {
                "ProjectionPlane": null,
                "ProjectionPosition": null
            },
            "CameraClippingRange": {
                "Min": "573.8850789514917",
                "Max": "663.7033466373689"
            },
            "CameraFocalPoint": {
                "x": "100.05810283069133",
                "y": "96.67441371075893",
                "z": "0.0"
            },
            "CameraPosition": {
                "x": "100.05810283069133",
                "y": "96.67441371075893",
                "z": "618.4943069873885"
            },
            "CameraViewUp": {
                "x": "0.0",
                "y": "1.0",
                "z": "0.0"
            },
            "Size": {
                "Width": 600,
                "Height": 600
            },
            "CellBorders": true,
            "Cells": true,
            "ClusterBorders": true,
            "CellGlyphs": false,
            "FPPLinks": false,
            "BoundingBox": true,
            "LatticeAxes": true,
            "LatticeAxesLabels": true,
            "TypesInvisible": [
                0
            ],
            "metadata": {
                "BorderColor": [
                    255,
                    255,
                    0,
                    255
                ],
                "ClusterBorderColor": [
                    0,
                    0,
                    255,
                    255
                ],
                "BoundingBoxColor": [
                    255,
                    255,
                    255,
                    255
                ],
                "AxesColor": [
                    255,
                    255,
                    255,
                    255
                ],
                "ContourColor": [
                    255,
                    255,
                    255,
                    255
                ],
                "WindowColor": [
                    255,
                    255,
                    255,
                    255
                ],
                "FPPLinksColor": [
                    255,
                    255,
                    255,
                    255
                ],
                "ShowHorizontalAxesLabels": true,
                "ShowVerticalAxesLabels": true,
                "TypeColorMap": {
                    "0": [
                        255,
                        255,
                        255,
                        255
                    ],
                    "1": [
                        0,
                        0,
                        255,
                        255
                    ],
                    "2": [
                        0,
                        128,
                        0,
                        255
                    ],
                    "3": [
                        255,
                        0,
                        0,
                        255
                    ],
                    "4": [
                        255,
                        255,
                        0,
                        255
                    ],
                    "5": [
                        165,
                        42,
                        42,
                        255
                    ],
                    "6": [
                        173,
                        216,
                        230,
                        255
                    ],
                    "7": [
                        144,
                        238,
                        144,
                        255
                    ],
                    "8": [
                        128,
                        0,
                        128,
                        255
                    ],
                    "9": [
                        255,
                        165,
                        0,
                        255
                    ],
                    "10": [
                        64,
                        224,
                        208,
                        255
                    ]
                },
                "MinRangeFixed": true,
                "MaxRangeFixed": true,
                "MinRange": 2.0,
                "MaxRange": 12.0,
                "ContoursOn": false,
                "NumberOfContourLines": 3,
                "ScalarIsoValues": [],
                "LegendEnable": true,
                "DisplayMinMaxInfo": true
            }
        }
    }
}